{
"lengthUnit": "mil",
"components": {
	"fields": ["COMPONENT_NO", "COMPONENT_NAME", "LAYER", "X_COORDINATE", "Y_COORDINATE", "ANGLE"],
	"rows": [
		[1, "PAD1", "T", 94.49, -78.74, 0],
		[2, "PAD1", "B", 94.49, -78.74, 0],
		[3, "PAD2", "T", 255.91, -78.74, 0],
		[4, "PAD2", "B", 255.91, -78.74, 0],
		[5, "PAD3", "T", 1748.03, -78.74, 0],
		[6, "PAD3", "B", 1748.03, -78.74, 0],
		[7, "PAD4", "T", 1665.35, -393.7, 0],
		[8, "PAD4", "B", 1665.35, -393.7, 0],
		[9, "PAD5", "T", 551.18, -1161.42, 0],
		[10, "PAD5", "B", 551.18, -1161.42, 0],
		[11, "PAD6", "T", 550, -1240, 0],
		[12, "PAD6", "B", 550, -1240, 0],
		[13, "PAD7", "T", 1065, -1160, 0],
		[14, "PAD7", "B", 1065, -1160, 0],
		[15, "PAD8", "T", 1062.99, -1240.16, 0],
		[16, "PAD8", "B", 1062.99, -1240.16, 0],
		[17, "PAD9", "T", 1150, -1161.42, 0],
		[18, "PAD9", "B", 1150, -1161.42, 0],
		[19, "PAD10", "T", 1149.61, -1240.16, 0],
		[20, "PAD10", "B", 1149.61, -1240.16, 0],
		[21, "PAD11", "T", 1236.22, -1161.42, 0],
		[22, "PAD11", "B", 1236.22, -1161.42, 0],
		[23, "PAD12", "T", 1236.22, -1240.16, 0],
		[24, "PAD12", "B", 1236.22, -1240.16, 0],
		[25, "PAD13", "T", 1346.46, -1161.42, 0],
		[26, "PAD13", "B", 1346.46, -1161.42, 0],
		[27, "PAD14", "T", 1346.46, -1240.16, 0],
		[28, "PAD14", "B", 1346.46, -1240.16, 0],
		[29, "PAD15", "T", 374.02, -182.17, 0],
		[30, "PAD15", "B", 374.02, -182.17, 0],
		[31, "PAD16", "T", 1633.86, -182.17, 0],
		[32, "PAD16", "B", 1633.86, -182.17, 0],
		[33, "PAD17", "T", 720.47, -78.74, 0],
		[34, "PAD17", "B", 720.47, -78.74, 0],
		[35, "PAD18", "T", 1279.53, -78.74, 0],
		[36, "PAD18", "B", 1279.53, -78.74, 0],
		[37, "PAD19", "T", 598.43, -118.11, 0],
		[38, "PAD20", "T", 1405.51, -118.11, 0],
		[39, "PAD21", "T", -22.13, -78.98, 0],
		[40, "PAD21", "B", -22.13, -78.98, 0],
		[41, "PAD22", "T", -20.24, -215, 0],
		[42, "PAD22", "B", -20.24, -215, 0],
		[43, "PAD23", "T", 640, -1160, 0],
		[44, "PAD23", "B", 640, -1160, 0],
		[45, "PAD24", "T", 730, -1160, 0],
		[46, "PAD24", "B", 730, -1160, 0],
		[47, "PAD25", "T", 730, -1240, 0],
		[48, "PAD25", "B", 730, -1240, 0],
		[49, "PAD26", "T", 640, -1240, 0],
		[50, "PAD26", "B", 640, -1240, 0],
		[51, "PAD27", "T", 1905.51, -78.74, 0],
		[52, "PAD27", "B", 1905.51, -78.74, 0]
	]
},
"pins": {
	"fields": ["PIN_NO", "PIN_NAME", "PIN_X", "PIN_Y", "LAYER", "PIN_TYPE", "NET_NAME", "NET_TYPE", "PAD_SHAPE", "PAD_SIZEX", "PAD_SIZEY", "HOLE_SIZE", "PAD_ANGLE"],
	"rows": [
		[1, "PAD1_1", 94.49, -78.74, "T", "DIP", "AUDIO", "", "C", 78.74, 78.74, 62.99, 0],
		[2, "PAD1_1", 94.49, -78.74, "B", "DIP", "AUDIO", "", "C", 78.74, 78.74, 62.99, 0],
		[3, "PAD2_2", 255.91, -78.74, "T", "DIP", "5V", "", "C", 78.74, 78.74, 62.99, 0],
		[4, "PAD2_2", 255.91, -78.74, "B", "DIP", "5V", "", "C", 78.74, 78.74, 62.99, 0],
		[5, "PAD3_R", 1748.03, -78.74, "T", "DIP", "R", "", "C", 78.74, 78.74, 62.99, 0],
		[6, "PAD3_R", 1748.03, -78.74, "B", "DIP", "R", "", "C", 78.74, 78.74, 62.99, 0],
		[7, "PAD4_5", 1665.35, -393.7, "T", "DIP", "B", "", "C", 78.74, 78.74, 62.99, 0],
		[8, "PAD4_5", 1665.35, -393.7, "B", "DIP", "B", "", "C", 78.74, 78.74, 62.99, 0],
		[9, "PAD5_6", 551.18, -1161.42, "T", "DIP", "AUDIO", "", "C", 62.99, 62.99, 55.12, 0],
		[10, "PAD5_6", 551.18, -1161.42, "B", "DIP", "AUDIO", "", "C", 62.99, 62.99, 55.12, 0],
		[11, "PAD6_7", 550, -1240, "T", "DIP", "GND", "GND", "C", 62.99, 62.99, 55.12, 0],
		[12, "PAD6_7", 550, -1240, "B", "DIP", "GND", "GND", "C", 62.99, 62.99, 55.12, 0],
		[13, "PAD7_8", 1065, -1160, "T", "DIP", "B", "", "C", 62.99, 62.99, 55.12, 0],
		[14, "PAD7_8", 1065, -1160, "B", "DIP", "B", "", "C", 62.99, 62.99, 55.12, 0],
		[15, "PAD8_9", 1062.99, -1240.16, "T", "DIP", "GND", "GND", "C", 62.99, 62.99, 55.12, 0],
		[16, "PAD8_9", 1062.99, -1240.16, "B", "DIP", "GND", "GND", "C", 62.99, 62.99, 55.12, 0],
		[17, "PAD9_10", 1150, -1161.42, "T", "DIP", "A", "", "C", 62.99, 62.99, 55.12, 0],
		[18, "PAD9_10", 1150, -1161.42, "B", "DIP", "A", "", "C", 62.99, 62.99, 55.12, 0],
		[19, "PAD10_11", 1149.61, -1240.16, "T", "DIP", "GND", "GND", "C", 62.99, 62.99, 55.12, 0],
		[20, "PAD10_11", 1149.61, -1240.16, "B", "DIP", "GND", "GND", "C", 62.99, 62.99, 55.12, 0],
		[21, "PAD11_12", 1236.22, -1161.42, "T", "DIP", "R", "", "C", 62.99, 62.99, 55.12, 0],
		[22, "PAD11_12", 1236.22, -1161.42, "B", "DIP", "R", "", "C", 62.99, 62.99, 55.12, 0],
		[23, "PAD12_13", 1236.22, -1240.16, "T", "DIP", "GND", "GND", "C", 62.99, 62.99, 55.12, 0],
		[24, "PAD12_13", 1236.22, -1240.16, "B", "DIP", "GND", "GND", "C", 62.99, 62.99, 55.12, 0],
		[25, "PAD13_14", 1346.46, -1161.42, "T", "DIP", "5V", "", "C", 62.99, 62.99, 55.12, 0],
		[26, "PAD13_14", 1346.46, -1161.42, "B", "DIP", "5V", "", "C", 62.99, 62.99, 55.12, 0],
		[27, "PAD14_15", 1346.46, -1240.16, "T", "DIP", "GND", "GND", "C", 62.99, 62.99, 55.12, 0],
		[28, "PAD14_15", 1346.46, -1240.16, "B", "DIP", "GND", "GND", "C", 62.99, 62.99, 55.12, 0],
		[29, "PAD15_16", 374.02, -182.17, "T", "DIP", "GND", "GND", "C", 86.61, 86.61, 78.74, 0],
		[30, "PAD15_16", 374.02, -182.17, "B", "DIP", "GND", "GND", "C", 86.61, 86.61, 78.74, 0],
		[31, "PAD16_17", 1633.86, -182.17, "T", "DIP", "GND", "GND", "C", 86.61, 86.61, 78.74, 0],
		[32, "PAD16_17", 1633.86, -182.17, "B", "DIP", "GND", "GND", "C", 86.61, 86.61, 78.74, 0],
		[33, "PAD17_18", 720.47, -78.74, "T", "DIP", "GND", "GND", "O", 78.74, 118.11, 102.36, 0],
		[34, "PAD17_18", 720.47, -78.74, "B", "DIP", "GND", "GND", "O", 78.74, 118.11, 102.36, 0],
		[35, "PAD18_19", 1279.53, -78.74, "T", "DIP", "GND", "GND", "O", 78.74, 118.11, 102.36, 0],
		[36, "PAD18_19", 1279.53, -78.74, "B", "DIP", "GND", "GND", "O", 78.74, 118.11, 102.36, 0],
		[37, "PAD19_20", 598.43, -118.11, "T", "SMD", "GND", "GND", "C", 118.11, 118.11, 0, 0],
		[38, "PAD20_21", 1405.51, -118.11, "T", "SMD", "GND", "GND", "C", 110.24, 110.24, 0, 0],
		[39, "PAD21_1", -22.13, -78.98, "T", "DIP", "L", "", "C", 70.87, 70.87, 62.99, 0],
		[40, "PAD21_1", -22.13, -78.98, "B", "DIP", "L", "", "C", 70.87, 70.87, 62.99, 0],
		[41, "PAD22_1", -20.24, -215, "T", "DIP", "RA", "", "C", 70.87, 70.87, 62.99, 0],
		[42, "PAD22_1", -20.24, -215, "B", "DIP", "RA", "", "C", 70.87, 70.87, 62.99, 0],
		[43, "PAD23_1", 640, -1160, "T", "DIP", "RA", "", "C", 62.99, 62.99, 55.12, 0],
		[44, "PAD23_1", 640, -1160, "B", "DIP", "RA", "", "C", 62.99, 62.99, 55.12, 0],
		[45, "PAD24_2", 730, -1160, "T", "DIP", "L", "", "C", 62.99, 62.99, 55.12, 0],
		[46, "PAD24_2", 730, -1160, "B", "DIP", "L", "", "C", 62.99, 62.99, 55.12, 0],
		[47, "PAD25_3", 730, -1240, "T", "DIP", "GND", "GND", "C", 62.99, 62.99, 55.12, 0],
		[48, "PAD25_3", 730, -1240, "B", "DIP", "GND", "GND", "C", 62.99, 62.99, 55.12, 0],
		[49, "PAD26_4", 640, -1240, "T", "DIP", "GND", "GND", "C", 62.99, 62.99, 55.12, 0],
		[50, "PAD26_4", 640, -1240, "B", "DIP", "GND", "GND", "C", 62.99, 62.99, 55.12, 0],
		[51, "PAD27_4", 1905.51, -78.74, "T", "DIP", "G", "", "C", 78.74, 78.74, 62.99, 0],
		[52, "PAD27_4", 1905.51, -78.74, "B", "DIP", "G", "", "C", 78.74, 78.74, 62.99, 0]
	]
}
}