{
"lengthUnit": "mil",
"components": {
	"fields": ["COMPONENT_NO", "COMPONENT_NAME", "LAYER", "X_COORDINATE", "Y_COORDINATE", "ANGLE"],
	"rows": [
		[1, "PAD1", "T", 1750, -80, 0],
		[2, "PAD2", "T", 255, -80, 0],
		[3, "PAD3", "T", 95, -80, 0],
		[4, "PAD4", "T", 1920, -80, 0],
		[5, "PAD5", "T", 1665, -400, 0],
		[6, "PAD6", "T", 775, -400, 0],
		[7, "PAD6", "B", 775, -400, 0],
		[8, "PAD7", "T", 1010, -280, 0],
		[9, "PAD7", "B", 1010, -280, 0],
		[10, "PAD8", "T", 1240, -400, 0],
		[11, "PAD8", "B", 1240, -400, 0],
		[12, "PAD9", "T", 1110, -400, 0],
		[13, "PAD9", "B", 1110, -400, 0],
		[14, "PAD10", "T", 1175, -340, 0],
		[15, "PAD10", "B", 1175, -340, 0],
		[16, "PAD11", "T", 720, -95, 0],
		[17, "PAD11", "B", 720, -95, 0],
		[18, "PAD12", "T", 374.02, -177.17, 0],
		[19, "PAD12", "B", 374.02, -177.17, 0],
		[20, "PAD13", "T", 1633.86, -174.81, 0],
		[21, "PAD13", "B", 1633.86, -174.81, 0],
		[22, "PAD14", "T", 1280, -95, 0],
		[23, "PAD14", "B", 1280, -95, 0],
		[24, "PAD15", "T", 952.76, -334.65, 0],
		[25, "PAD15", "B", 952.76, -334.65, 0],
		[26, "PAD16", "T", 644.54, -280.25, 0],
		[27, "PAD16", "B", 644.54, -280.25, 0],
		[28, "PAD17", "T", 710.23, -340.12, 0],
		[29, "PAD17", "B", 710.23, -340.12, 0],
		[30, "PAD18", "T", -23.3, -78.96, 0],
		[31, "PAD19", "T", -20.25, -214.95, 0],
		[32, "PAD20", "T", 643.06, -400.63, 0],
		[33, "PAD20", "B", 643.06, -400.63, 0]
	]
},
"pins": {
	"fields": ["PIN_NO", "PIN_NAME", "PIN_X", "PIN_Y", "LAYER", "PIN_TYPE", "NET_NAME", "NET_TYPE", "PAD_SHAPE", "PAD_SIZEX", "PAD_SIZEY", "HOLE_SIZE", "PAD_ANGLE"],
	"rows": [
		[1, "PAD1_18", 1750, -80, "T", "SMD", "R", "", "C", 78.74, 78.74, 0, 0],
		[2, "PAD2_15", 255, -80, "T", "SMD", "5V", "", "C", 78.74, 78.74, 0, 0],
		[3, "PAD3_17", 95, -80, "T", "SMD", "SPDF", "", "C", 78.74, 78.74, 0, 0],
		[4, "PAD4_19", 1920, -80, "T", "SMD", "G", "", "C", 78.74, 78.74, 0, 0],
		[5, "PAD5_31", 1665, -400, "T", "SMD", "B", "", "C", 78.74, 78.74, 0, 0],
		[6, "PAD6_21", 775, -400, "T", "DIP", "SPDF", "", "C", 70.87, 70.87, 55.12, 0],
		[7, "PAD6_21", 775, -400, "B", "DIP", "SPDF", "", "C", 70.87, 70.87, 55.12, 0],
		[8, "PAD7_22", 1010, -280, "T", "DIP", "GND", "GND", "C", 78.74, 78.74, 55.12, 0],
		[9, "PAD7_22", 1010, -280, "B", "DIP", "GND", "GND", "C", 78.74, 78.74, 55.12, 0],
		[10, "PAD8_26", 1240, -400, "T", "DIP", "G", "", "C", 78.74, 78.74, 47.24, 0],
		[11, "PAD8_26", 1240, -400, "B", "DIP", "G", "", "C", 78.74, 78.74, 47.24, 0],
		[12, "PAD9_28", 1110, -400, "T", "DIP", "B", "", "C", 78.74, 78.74, 47.24, 0],
		[13, "PAD9_28", 1110, -400, "B", "DIP", "B", "", "C", 78.74, 78.74, 47.24, 0],
		[14, "PAD10_29", 1175, -340, "T", "DIP", "R", "", "C", 78.74, 78.74, 47.24, 0],
		[15, "PAD10_29", 1175, -340, "B", "DIP", "R", "", "C", 78.74, 78.74, 47.24, 0],
		[16, "PAD11_30", 720, -95, "T", "DIP", "GND", "GND", "O", 60, 118.11, 106.3, 0],
		[17, "PAD11_30", 720, -95, "B", "DIP", "GND", "GND", "O", 60, 118.11, 106.3, 0],
		[18, "PAD12_32", 374.02, -177.17, "T", "DIP", "GND", "GND", "C", 118.11, 118.11, 110.24, 0],
		[19, "PAD12_32", 374.02, -177.17, "B", "DIP", "GND", "GND", "C", 118.11, 118.11, 110.24, 0],
		[20, "PAD13_33", 1633.86, -174.81, "T", "DIP", "GND", "GND", "C", 118.11, 118.11, 110.24, 0],
		[21, "PAD13_33", 1633.86, -174.81, "B", "DIP", "GND", "GND", "C", 118.11, 118.11, 110.24, 0],
		[22, "PAD14_32", 1280, -95, "T", "DIP", "GND", "GND", "O", 60, 118.11, 106.3, 0],
		[23, "PAD14_32", 1280, -95, "B", "DIP", "GND", "GND", "O", 60, 118.11, 106.3, 0],
		[24, "PAD15_24", 952.76, -334.65, "T", "DIP", "GND", "GND", "C", 78.74, 78.74, 55.12, 0],
		[25, "PAD15_24", 952.76, -334.65, "B", "DIP", "GND", "GND", "C", 78.74, 78.74, 55.12, 0],
		[26, "PAD16_20", 644.54, -280.25, "T", "DIP", "5V", "", "C", 78.74, 78.74, 55.12, 0],
		[27, "PAD16_20", 644.54, -280.25, "B", "DIP", "5V", "", "C", 78.74, 78.74, 55.12, 0],
		[28, "PAD17_1", 710.23, -340.12, "T", "DIP", "L", "", "C", 70.87, 70.87, 59.06, 0],
		[29, "PAD17_1", 710.23, -340.12, "B", "DIP", "L", "", "C", 70.87, 70.87, 59.06, 0],
		[30, "PAD18_1", -23.3, -78.96, "T", "SMD", "L", "", "C", 70.87, 70.87, 0, 0],
		[31, "PAD19_2", -20.25, -214.95, "T", "SMD", "RA", "", "C", 70.87, 70.87, 0, 0],
		[32, "PAD20_1", 643.06, -400.63, "T", "DIP", "RA", "", "C", 70.87, 70.87, 55.12, 0],
		[33, "PAD20_1", 643.06, -400.63, "B", "DIP", "RA", "", "C", 70.87, 70.87, 55.12, 0]
	]
}
}